id,unique_id,raceid,racetype,racetypeid,ballotorder,candidateid,description,delegatecount,electiondate,fipscode,first,incumbent,initialization_data,is_ballot_measure,last,lastupdated,level,national,officeid,officename,party,polid,polnum,precinctsreporting,precinctsreportingpct,precinctstotal,reportingunitid,reportingunitname,runoff,seatname,seatnum,statename,statepostal,test,uncontested,votecount,votepct,winner
41001-polid-1746-state-1,polid-1746,41001,Primary,D,1,47860,,0,2016-02-27,,Hillary,False,False,False,Clinton,2016-02-28T06:39:11Z,state,True,P,President,Dem,1746,44200,2240,100.0,2240,state-1,,False,,,South Carolina,SC,False,False,271514,0.734763,True
41001-polid-1445-state-1,polid-1445,41001,Primary,D,3,47863,,0,2016-02-27,,Bernie,False,False,False,Sanders,2016-02-28T06:39:11Z,state,True,P,President,Dem,1445,44201,2240,100.0,2240,state-1,,False,,,South Carolina,SC,False,False,95977,0.25973,False
41001-polid-64569-state-1,polid-64569,41001,Primary,D,4,47866,,0,2016-02-27,,Willie,False,False,False,Wilson,2016-02-28T06:39:11Z,state,True,P,President,Dem,64569,44220,2240,100.0,2240,state-1,,False,,,South Carolina,SC,False,False,1321,0.003575,False
41001-polid-22603-state-1,polid-22603,41001,Primary,D,2,47867,,0,2016-02-27,,Martin,False,False,False,O'Malley,2016-02-28T06:39:11Z,state,True,P,President,Dem,22603,44202,2240,100.0,2240,state-1,,False,,,South Carolina,SC,False,False,714,0.001932,False
41001-polid-1746-county-41001,polid-1746,41001,Primary,D,1,47860,,0,2016-02-27,45001,Hillary,False,False,False,Clinton,2016-02-28T01:54:13Z,county,True,P,President,Dem,1746,44200,14,100.0,14,county-41001,Abbeville,False,,,South Carolina,SC,False,False,1501,0.81843,True
41001-polid-1445-county-41001,polid-1445,41001,Primary,D,3,47863,,0,2016-02-27,45001,Bernie,False,False,False,Sanders,2016-02-28T01:54:13Z,county,True,P,President,Dem,1445,44201,14,100.0,14,county-41001,Abbeville,False,,,South Carolina,SC,False,False,312,0.17012,False
41001-polid-64569-county-41001,polid-64569,41001,Primary,D,4,47866,,0,2016-02-27,45001,Willie,False,False,False,Wilson,2016-02-28T01:54:13Z,county,True,P,President,Dem,64569,44220,14,100.0,14,county-41001,Abbeville,False,,,South Carolina,SC,False,False,15,0.008179,False
41001-polid-22603-county-41001,polid-22603,41001,Primary,D,2,47867,,0,2016-02-27,45001,Martin,False,False,False,O'Malley,2016-02-28T01:54:13Z,county,True,P,President,Dem,22603,44202,14,100.0,14,county-41001,Abbeville,False,,,South Carolina,SC,False,False,6,0.003272,False
41001-polid-1746-county-41002,polid-1746,41001,Primary,D,1,47860,,0,2016-02-27,45003,Hillary,False,False,False,Clinton,2016-02-28T02:09:36Z,county,True,P,President,Dem,1746,44200,84,100.0,84,county-41002,Aiken,False,,,South Carolina,SC,False,False,6888,0.702284,True
41001-polid-1445-county-41002,polid-1445,41001,Primary,D,3,47863,,0,2016-02-27,45003,Bernie,False,False,False,Sanders,2016-02-28T02:09:36Z,county,True,P,President,Dem,1445,44201,84,100.0,84,county-41002,Aiken,False,,,South Carolina,SC,False,False,2870,0.292618,False
41001-polid-64569-county-41002,polid-64569,41001,Primary,D,4,47866,,0,2016-02-27,45003,Willie,False,False,False,Wilson,2016-02-28T02:09:36Z,county,True,P,President,Dem,64569,44220,84,100.0,84,county-41002,Aiken,False,,,South Carolina,SC,False,False,32,0.003263,False
41001-polid-22603-county-41002,polid-22603,41001,Primary,D,2,47867,,0,2016-02-27,45003,Martin,False,False,False,O'Malley,2016-02-28T02:09:36Z,county,True,P,President,Dem,22603,44202,84,100.0,84,county-41002,Aiken,False,,,South Carolina,SC,False,False,18,0.001835,False
41001-polid-1746-county-41003,polid-1746,41001,Primary,D,1,47860,,0,2016-02-27,45005,Hillary,False,False,False,Clinton,2016-02-28T01:20:22Z,county,True,P,President,Dem,1746,44200,8,100.0,8,county-41003,Allendale,False,,,South Carolina,SC,False,False,1022,0.908444,True
41001-polid-1445-county-41003,polid-1445,41001,Primary,D,3,47863,,0,2016-02-27,45005,Bernie,False,False,False,Sanders,2016-02-28T01:20:22Z,county,True,P,President,Dem,1445,44201,8,100.0,8,county-41003,Allendale,False,,,South Carolina,SC,False,False,95,0.084444,False
41001-polid-64569-county-41003,polid-64569,41001,Primary,D,4,47866,,0,2016-02-27,45005,Willie,False,False,False,Wilson,2016-02-28T01:20:22Z,county,True,P,President,Dem,64569,44220,8,100.0,8,county-41003,Allendale,False,,,South Carolina,SC,False,False,5,0.004444,False
41001-polid-22603-county-41003,polid-22603,41001,Primary,D,2,47867,,0,2016-02-27,45005,Martin,False,False,False,O'Malley,2016-02-28T01:20:22Z,county,True,P,President,Dem,22603,44202,8,100.0,8,county-41003,Allendale,False,,,South Carolina,SC,False,False,3,0.002667,False
41001-polid-1746-county-41004,polid-1746,41001,Primary,D,1,47860,,0,2016-02-27,45007,Hillary,False,False,False,Clinton,2016-02-28T02:18:48Z,county,True,P,President,Dem,1746,44200,80,100.0,80,county-41004,Anderson,False,,,South Carolina,SC,False,False,5550,0.668514,True
41001-polid-1445-county-41004,polid-1445,41001,Primary,D,3,47863,,0,2016-02-27,45007,Bernie,False,False,False,Sanders,2016-02-28T02:18:48Z,county,True,P,President,Dem,1445,44201,80,100.0,80,county-41004,Anderson,False,,,South Carolina,SC,False,False,2691,0.324139,False
41001-polid-64569-county-41004,polid-64569,41001,Primary,D,4,47866,,0,2016-02-27,45007,Willie,False,False,False,Wilson,2016-02-28T02:18:48Z,county,True,P,President,Dem,64569,44220,80,100.0,80,county-41004,Anderson,False,,,South Carolina,SC,False,False,42,0.005059,False
41001-polid-22603-county-41004,polid-22603,41001,Primary,D,2,47867,,0,2016-02-27,45007,Martin,False,False,False,O'Malley,2016-02-28T02:18:48Z,county,True,P,President,Dem,22603,44202,80,100.0,80,county-41004,Anderson,False,,,South Carolina,SC,False,False,19,0.002289,False
41001-polid-1746-county-41005,polid-1746,41001,Primary,D,1,47860,,0,2016-02-27,45009,Hillary,False,False,False,Clinton,2016-02-28T01:38:49Z,county,True,P,President,Dem,1746,44200,14,100.0,14,county-41005,Bamberg,False,,,South Carolina,SC,False,False,1715,0.882656,True
41001-polid-1445-county-41005,polid-1445,41001,Primary,D,3,47863,,0,2016-02-27,45009,Bernie,False,False,False,Sanders,2016-02-28T01:38:49Z,county,True,P,President,Dem,1445,44201,14,100.0,14,county-41005,Bamberg,False,,,South Carolina,SC,False,False,204,0.104992,False
41001-polid-64569-county-41005,polid-64569,41001,Primary,D,4,47866,,0,2016-02-27,45009,Willie,False,False,False,Wilson,2016-02-28T01:38:49Z,county,True,P,President,Dem,64569,44220,14,100.0,14,county-41005,Bamberg,False,,,South Carolina,SC,False,False,18,0.009264,False
41001-polid-22603-county-41005,polid-22603,41001,Primary,D,2,47867,,0,2016-02-27,45009,Martin,False,False,False,O'Malley,2016-02-28T01:38:49Z,county,True,P,President,Dem,22603,44202,14,100.0,14,county-41005,Bamberg,False,,,South Carolina,SC,False,False,6,0.003088,False
41001-polid-1746-county-41006,polid-1746,41001,Primary,D,1,47860,,0,2016-02-27,45011,Hillary,False,False,False,Clinton,2016-02-28T01:08:05Z,county,True,P,President,Dem,1746,44200,15,100.0,15,county-41006,Barnwell,False,,,South Carolina,SC,False,False,1560,0.874439,True
41001-polid-1445-county-41006,polid-1445,41001,Primary,D,3,47863,,0,2016-02-27,45011,Bernie,False,False,False,Sanders,2016-02-28T01:08:05Z,county,True,P,President,Dem,1445,44201,15,100.0,15,county-41006,Barnwell,False,,,South Carolina,SC,False,False,209,0.117152,False
41001-polid-64569-county-41006,polid-64569,41001,Primary,D,4,47866,,0,2016-02-27,45011,Willie,False,False,False,Wilson,2016-02-28T01:08:05Z,county,True,P,President,Dem,64569,44220,15,100.0,15,county-41006,Barnwell,False,,,South Carolina,SC,False,False,10,0.005605,False
41001-polid-22603-county-41006,polid-22603,41001,Primary,D,2,47867,,0,2016-02-27,45011,Martin,False,False,False,O'Malley,2016-02-28T01:08:05Z,county,True,P,President,Dem,22603,44202,15,100.0,15,county-41006,Barnwell,False,,,South Carolina,SC,False,False,5,0.002803,False
41001-polid-1746-county-41007,polid-1746,41001,Primary,D,1,47860,,0,2016-02-27,45013,Hillary,False,False,False,Clinton,2016-02-28T02:46:22Z,county,True,P,President,Dem,1746,44200,92,100.0,92,county-41007,Beaufort,False,,,South Carolina,SC,False,False,9945,0.733029,True
41001-polid-1445-county-41007,polid-1445,41001,Primary,D,3,47863,,0,2016-02-27,45013,Bernie,False,False,False,Sanders,2016-02-28T02:46:22Z,county,True,P,President,Dem,1445,44201,92,100.0,92,county-41007,Beaufort,False,,,South Carolina,SC,False,False,3567,0.262917,False
41001-polid-64569-county-41007,polid-64569,41001,Primary,D,4,47866,,0,2016-02-27,45013,Willie,False,False,False,Wilson,2016-02-28T02:46:22Z,county,True,P,President,Dem,64569,44220,92,100.0,92,county-41007,Beaufort,False,,,South Carolina,SC,False,False,31,0.002285,False
41001-polid-22603-county-41007,polid-22603,41001,Primary,D,2,47867,,0,2016-02-27,45013,Martin,False,False,False,O'Malley,2016-02-28T02:46:22Z,county,True,P,President,Dem,22603,44202,92,100.0,92,county-41007,Beaufort,False,,,South Carolina,SC,False,False,24,0.001769,False
41001-polid-1746-county-41010,polid-1746,41001,Primary,D,1,47860,,0,2016-02-27,45017,Hillary,False,False,False,Clinton,2016-02-28T01:38:49Z,county,True,P,President,Dem,1746,44200,12,100.0,12,county-41010,Calhoun,False,,,South Carolina,SC,False,False,1536,0.860504,True
41001-polid-1445-county-41010,polid-1445,41001,Primary,D,3,47863,,0,2016-02-27,45017,Bernie,False,False,False,Sanders,2016-02-28T01:38:49Z,county,True,P,President,Dem,1445,44201,12,100.0,12,county-41010,Calhoun,False,,,South Carolina,SC,False,False,241,0.135014,False
41001-polid-64569-county-41010,polid-64569,41001,Primary,D,4,47866,,0,2016-02-27,45017,Willie,False,False,False,Wilson,2016-02-28T01:38:49Z,county,True,P,President,Dem,64569,44220,12,100.0,12,county-41010,Calhoun,False,,,South Carolina,SC,False,False,4,0.002241,False
41001-polid-22603-county-41010,polid-22603,41001,Primary,D,2,47867,,0,2016-02-27,45017,Martin,False,False,False,O'Malley,2016-02-28T01:38:49Z,county,True,P,President,Dem,22603,44202,12,100.0,12,county-41010,Calhoun,False,,,South Carolina,SC,False,False,4,0.002241,False
41001-polid-1746-county-41011,polid-1746,41001,Primary,D,1,47860,,0,2016-02-27,45019,Hillary,False,False,False,Clinton,2016-02-28T02:03:26Z,county,True,P,President,Dem,1746,44200,182,100.0,182,county-41011,Charleston,False,,,South Carolina,SC,False,False,26535,0.660354,True
41001-polid-1445-county-41011,polid-1445,41001,Primary,D,3,47863,,0,2016-02-27,45019,Bernie,False,False,False,Sanders,2016-02-28T02:03:26Z,county,True,P,President,Dem,1445,44201,182,100.0,182,county-41011,Charleston,False,,,South Carolina,SC,False,False,13420,0.333972,False
41001-polid-64569-county-41011,polid-64569,41001,Primary,D,4,47866,,0,2016-02-27,45019,Willie,False,False,False,Wilson,2016-02-28T02:03:26Z,county,True,P,President,Dem,64569,44220,182,100.0,182,county-41011,Charleston,False,,,South Carolina,SC,False,False,147,0.003658,False
41001-polid-22603-county-41011,polid-22603,41001,Primary,D,2,47867,,0,2016-02-27,45019,Martin,False,False,False,O'Malley,2016-02-28T02:03:26Z,county,True,P,President,Dem,22603,44202,182,100.0,182,county-41011,Charleston,False,,,South Carolina,SC,False,False,81,0.002016,False
41001-polid-1746-county-41012,polid-1746,41001,Primary,D,1,47860,,0,2016-02-27,45021,Hillary,False,False,False,Clinton,2016-02-28T01:14:14Z,county,True,P,President,Dem,1746,44200,30,100.0,30,county-41012,Cherokee,False,,,South Carolina,SC,False,False,1870,0.778842,True
41001-polid-1445-county-41012,polid-1445,41001,Primary,D,3,47863,,0,2016-02-27,45021,Bernie,False,False,False,Sanders,2016-02-28T01:14:14Z,county,True,P,President,Dem,1445,44201,30,100.0,30,county-41012,Cherokee,False,,,South Carolina,SC,False,False,514,0.214077,False
41001-polid-64569-county-41012,polid-64569,41001,Primary,D,4,47866,,0,2016-02-27,45021,Willie,False,False,False,Wilson,2016-02-28T01:14:14Z,county,True,P,President,Dem,64569,44220,30,100.0,30,county-41012,Cherokee,False,,,South Carolina,SC,False,False,10,0.004165,False
41001-polid-22603-county-41012,polid-22603,41001,Primary,D,2,47867,,0,2016-02-27,45021,Martin,False,False,False,O'Malley,2016-02-28T01:14:14Z,county,True,P,President,Dem,22603,44202,30,100.0,30,county-41012,Cherokee,False,,,South Carolina,SC,False,False,7,0.002915,False
41001-polid-1746-county-41013,polid-1746,41001,Primary,D,1,47860,,0,2016-02-27,45023,Hillary,False,False,False,Clinton,2016-02-28T01:29:35Z,county,True,P,President,Dem,1746,44200,21,100.0,21,county-41013,Chester,False,,,South Carolina,SC,False,False,1962,0.796266,True
41001-polid-1445-county-41013,polid-1445,41001,Primary,D,3,47863,,0,2016-02-27,45023,Bernie,False,False,False,Sanders,2016-02-28T01:29:35Z,county,True,P,President,Dem,1445,44201,21,100.0,21,county-41013,Chester,False,,,South Carolina,SC,False,False,492,0.199675,False
41001-polid-22603-county-41013,polid-22603,41001,Primary,D,2,47867,,0,2016-02-27,45023,Martin,False,False,False,O'Malley,2016-02-28T01:29:35Z,county,True,P,President,Dem,22603,44202,21,100.0,21,county-41013,Chester,False,,,South Carolina,SC,False,False,7,0.002841,False
41001-polid-64569-county-41013,polid-64569,41001,Primary,D,4,47866,,0,2016-02-27,45023,Willie,False,False,False,Wilson,2016-02-28T01:29:35Z,county,True,P,President,Dem,64569,44220,21,100.0,21,county-41013,Chester,False,,,South Carolina,SC,False,False,3,0.001218,False
41001-polid-1746-county-41014,polid-1746,41001,Primary,D,1,47860,,0,2016-02-27,45025,Hillary,False,False,False,Clinton,2016-02-28T01:17:18Z,county,True,P,President,Dem,1746,44200,25,100.0,25,county-41014,Chesterfield,False,,,South Carolina,SC,False,False,2209,0.827961,True
41001-polid-1445-county-41014,polid-1445,41001,Primary,D,3,47863,,0,2016-02-27,45025,Bernie,False,False,False,Sanders,2016-02-28T01:17:18Z,county,True,P,President,Dem,1445,44201,25,100.0,25,county-41014,Chesterfield,False,,,South Carolina,SC,False,False,446,0.167166,False
41001-polid-64569-county-41014,polid-64569,41001,Primary,D,4,47866,,0,2016-02-27,45025,Willie,False,False,False,Wilson,2016-02-28T01:17:18Z,county,True,P,President,Dem,64569,44220,25,100.0,25,county-41014,Chesterfield,False,,,South Carolina,SC,False,False,8,0.002999,False
41001-polid-22603-county-41014,polid-22603,41001,Primary,D,2,47867,,0,2016-02-27,45025,Martin,False,False,False,O'Malley,2016-02-28T01:17:18Z,county,True,P,President,Dem,22603,44202,25,100.0,25,county-41014,Chesterfield,False,,,South Carolina,SC,False,False,5,0.001874,False
41001-polid-1746-county-41015,polid-1746,41001,Primary,D,1,47860,,0,2016-02-27,45027,Hillary,False,False,False,Clinton,2016-02-28T01:32:39Z,county,True,P,President,Dem,1746,44200,25,100.0,25,county-41015,Clarendon,False,,,South Carolina,SC,False,False,3564,0.908488,True
41001-polid-1445-county-41015,polid-1445,41001,Primary,D,3,47863,,0,2016-02-27,45027,Bernie,False,False,False,Sanders,2016-02-28T01:32:39Z,county,True,P,President,Dem,1445,44201,25,100.0,25,county-41015,Clarendon,False,,,South Carolina,SC,False,False,337,0.085904,False
41001-polid-64569-county-41015,polid-64569,41001,Primary,D,4,47866,,0,2016-02-27,45027,Willie,False,False,False,Wilson,2016-02-28T01:32:39Z,county,True,P,President,Dem,64569,44220,25,100.0,25,county-41015,Clarendon,False,,,South Carolina,SC,False,False,19,0.004843,False
41001-polid-22603-county-41015,polid-22603,41001,Primary,D,2,47867,,0,2016-02-27,45027,Martin,False,False,False,O'Malley,2016-02-28T01:32:39Z,county,True,P,President,Dem,22603,44202,25,100.0,25,county-41015,Clarendon,False,,,South Carolina,SC,False,False,3,0.000765,False
41001-polid-1746-county-41016,polid-1746,41001,Primary,D,1,47860,,0,2016-02-27,45029,Hillary,False,False,False,Clinton,2016-02-28T02:46:22Z,county,True,P,President,Dem,1746,44200,32,100.0,32,county-41016,Colleton,False,,,South Carolina,SC,False,False,2932,0.82545,True
41001-polid-1445-county-41016,polid-1445,41001,Primary,D,3,47863,,0,2016-02-27,45029,Bernie,False,False,False,Sanders,2016-02-28T02:46:22Z,county,True,P,President,Dem,1445,44201,32,100.0,32,county-41016,Colleton,False,,,South Carolina,SC,False,False,583,0.164133,False
41001-polid-64569-county-41016,polid-64569,41001,Primary,D,4,47866,,0,2016-02-27,45029,Willie,False,False,False,Wilson,2016-02-28T02:46:22Z,county,True,P,President,Dem,64569,44220,32,100.0,32,county-41016,Colleton,False,,,South Carolina,SC,False,False,25,0.007038,False
41001-polid-22603-county-41016,polid-22603,41001,Primary,D,2,47867,,0,2016-02-27,45029,Martin,False,False,False,O'Malley,2016-02-28T02:46:22Z,county,True,P,President,Dem,22603,44202,32,100.0,32,county-41016,Colleton,False,,,South Carolina,SC,False,False,12,0.003378,False
41001-polid-1746-county-41017,polid-1746,41001,Primary,D,1,47860,,0,2016-02-27,45031,Hillary,False,False,False,Clinton,2016-02-28T01:29:35Z,county,True,P,President,Dem,1746,44200,32,100.0,32,county-41017,Darlington,False,,,South Carolina,SC,False,False,4988,0.818779,True
41001-polid-1445-county-41017,polid-1445,41001,Primary,D,3,47863,,0,2016-02-27,45031,Bernie,False,False,False,Sanders,2016-02-28T01:29:35Z,county,True,P,President,Dem,1445,44201,32,100.0,32,county-41017,Darlington,False,,,South Carolina,SC,False,False,1079,0.177118,False
41001-polid-64569-county-41017,polid-64569,41001,Primary,D,4,47866,,0,2016-02-27,45031,Willie,False,False,False,Wilson,2016-02-28T01:29:35Z,county,True,P,President,Dem,64569,44220,32,100.0,32,county-41017,Darlington,False,,,South Carolina,SC,False,False,19,0.003119,False
41001-polid-22603-county-41017,polid-22603,41001,Primary,D,2,47867,,0,2016-02-27,45031,Martin,False,False,False,O'Malley,2016-02-28T01:29:35Z,county,True,P,President,Dem,22603,44202,32,100.0,32,county-41017,Darlington,False,,,South Carolina,SC,False,False,6,0.000985,False
41001-polid-1746-county-41018,polid-1746,41001,Primary,D,1,47860,,0,2016-02-27,45033,Hillary,False,False,False,Clinton,2016-02-28T01:29:35Z,county,True,P,President,Dem,1746,44200,20,100.0,20,county-41018,Dillon,False,,,South Carolina,SC,False,False,1615,0.840708,True
41001-polid-1445-county-41018,polid-1445,41001,Primary,D,3,47863,,0,2016-02-27,45033,Bernie,False,False,False,Sanders,2016-02-28T01:29:35Z,county,True,P,President,Dem,1445,44201,20,100.0,20,county-41018,Dillon,False,,,South Carolina,SC,False,False,292,0.152004,False
41001-polid-22603-county-41018,polid-22603,41001,Primary,D,2,47867,,0,2016-02-27,45033,Martin,False,False,False,O'Malley,2016-02-28T01:29:35Z,county,True,P,President,Dem,22603,44202,20,100.0,20,county-41018,Dillon,False,,,South Carolina,SC,False,False,9,0.004685,False
41001-polid-64569-county-41018,polid-64569,41001,Primary,D,4,47866,,0,2016-02-27,45033,Willie,False,False,False,Wilson,2016-02-28T01:29:35Z,county,True,P,President,Dem,64569,44220,20,100.0,20,county-41018,Dillon,False,,,South Carolina,SC,False,False,5,0.002603,False
41001-polid-1746-county-41019,polid-1746,41001,Primary,D,1,47860,,0,2016-02-27,45035,Hillary,False,False,False,Clinton,2016-02-28T01:57:17Z,county,True,P,President,Dem,1746,44200,81,100.0,81,county-41019,Dorchester,False,,,South Carolina,SC,False,False,6920,0.702324,True
41001-polid-1445-county-41019,polid-1445,41001,Primary,D,3,47863,,0,2016-02-27,45035,Bernie,False,False,False,Sanders,2016-02-28T01:57:17Z,county,True,P,President,Dem,1445,44201,81,100.0,81,county-41019,Dorchester,False,,,South Carolina,SC,False,False,2876,0.291891,False
41001-polid-64569-county-41019,polid-64569,41001,Primary,D,4,47866,,0,2016-02-27,45035,Willie,False,False,False,Wilson,2016-02-28T01:57:17Z,county,True,P,President,Dem,64569,44220,81,100.0,81,county-41019,Dorchester,False,,,South Carolina,SC,False,False,34,0.003451,False
41001-polid-22603-county-41019,polid-22603,41001,Primary,D,2,47867,,0,2016-02-27,45035,Martin,False,False,False,O'Malley,2016-02-28T01:57:17Z,county,True,P,President,Dem,22603,44202,81,100.0,81,county-41019,Dorchester,False,,,South Carolina,SC,False,False,23,0.002334,False
41001-polid-1746-county-41020,polid-1746,41001,Primary,D,1,47860,,0,2016-02-27,45037,Hillary,False,False,False,Clinton,2016-02-28T01:08:05Z,county,True,P,President,Dem,1746,44200,12,100.0,12,county-41020,Edgefield,False,,,South Carolina,SC,False,False,1474,0.81798,True
41001-polid-1445-county-41020,polid-1445,41001,Primary,D,3,47863,,0,2016-02-27,45037,Bernie,False,False,False,Sanders,2016-02-28T01:08:05Z,county,True,P,President,Dem,1445,44201,12,100.0,12,county-41020,Edgefield,False,,,South Carolina,SC,False,False,301,0.167037,False
41001-polid-64569-county-41020,polid-64569,41001,Primary,D,4,47866,,0,2016-02-27,45037,Willie,False,False,False,Wilson,2016-02-28T01:08:05Z,county,True,P,President,Dem,64569,44220,12,100.0,12,county-41020,Edgefield,False,,,South Carolina,SC,False,False,23,0.012764,False
41001-polid-22603-county-41020,polid-22603,41001,Primary,D,2,47867,,0,2016-02-27,45037,Martin,False,False,False,O'Malley,2016-02-28T01:08:05Z,county,True,P,President,Dem,22603,44202,12,100.0,12,county-41020,Edgefield,False,,,South Carolina,SC,False,False,4,0.00222,False
41001-polid-1746-county-41021,polid-1746,41001,Primary,D,1,47860,,0,2016-02-27,45039,Hillary,False,False,False,Clinton,2016-02-28T01:29:35Z,county,True,P,President,Dem,1746,44200,22,100.0,22,county-41021,Fairfield,False,,,South Carolina,SC,False,False,3260,0.874464,True
41001-polid-1445-county-41021,polid-1445,41001,Primary,D,3,47863,,0,2016-02-27,45039,Bernie,False,False,False,Sanders,2016-02-28T01:29:35Z,county,True,P,President,Dem,1445,44201,22,100.0,22,county-41021,Fairfield,False,,,South Carolina,SC,False,False,440,0.118026,False
41001-polid-64569-county-41021,polid-64569,41001,Primary,D,4,47866,,0,2016-02-27,45039,Willie,False,False,False,Wilson,2016-02-28T01:29:35Z,county,True,P,President,Dem,64569,44220,22,100.0,22,county-41021,Fairfield,False,,,South Carolina,SC,False,False,18,0.004828,False
41001-polid-22603-county-41021,polid-22603,41001,Primary,D,2,47867,,0,2016-02-27,45039,Martin,False,False,False,O'Malley,2016-02-28T01:29:35Z,county,True,P,President,Dem,22603,44202,22,100.0,22,county-41021,Fairfield,False,,,South Carolina,SC,False,False,10,0.002682,False
41001-polid-1746-county-41022,polid-1746,41001,Primary,D,1,47860,,0,2016-02-27,45041,Hillary,False,False,False,Clinton,2016-02-28T02:21:52Z,county,True,P,President,Dem,1746,44200,63,100.0,63,county-41022,Florence,False,,,South Carolina,SC,False,False,9411,0.780219,True
41001-polid-1445-county-41022,polid-1445,41001,Primary,D,3,47863,,0,2016-02-27,45041,Bernie,False,False,False,Sanders,2016-02-28T02:21:52Z,county,True,P,President,Dem,1445,44201,63,100.0,63,county-41022,Florence,False,,,South Carolina,SC,False,False,2584,0.214226,False
41001-polid-64569-county-41022,polid-64569,41001,Primary,D,4,47866,,0,2016-02-27,45041,Willie,False,False,False,Wilson,2016-02-28T02:21:52Z,county,True,P,President,Dem,64569,44220,63,100.0,63,county-41022,Florence,False,,,South Carolina,SC,False,False,50,0.004145,False
41001-polid-22603-county-41022,polid-22603,41001,Primary,D,2,47867,,0,2016-02-27,45041,Martin,False,False,False,O'Malley,2016-02-28T02:21:52Z,county,True,P,President,Dem,22603,44202,63,100.0,63,county-41022,Florence,False,,,South Carolina,SC,False,False,17,0.001409,False
41001-polid-1746-county-41023,polid-1746,41001,Primary,D,1,47860,,0,2016-02-27,45043,Hillary,False,False,False,Clinton,2016-02-28T01:51:08Z,county,True,P,President,Dem,1746,44200,34,100.0,34,county-41023,Georgetown,False,,,South Carolina,SC,False,False,4931,0.778374,True
41001-polid-1445-county-41023,polid-1445,41001,Primary,D,3,47863,,0,2016-02-27,45043,Bernie,False,False,False,Sanders,2016-02-28T01:51:08Z,county,True,P,President,Dem,1445,44201,34,100.0,34,county-41023,Georgetown,False,,,South Carolina,SC,False,False,1346,0.21247,False
41001-polid-64569-county-41023,polid-64569,41001,Primary,D,4,47866,,0,2016-02-27,45043,Willie,False,False,False,Wilson,2016-02-28T01:51:08Z,county,True,P,President,Dem,64569,44220,34,100.0,34,county-41023,Georgetown,False,,,South Carolina,SC,False,False,48,0.007577,False
41001-polid-22603-county-41023,polid-22603,41001,Primary,D,2,47867,,0,2016-02-27,45043,Martin,False,False,False,O'Malley,2016-02-28T01:51:08Z,county,True,P,President,Dem,22603,44202,34,100.0,34,county-41023,Georgetown,False,,,South Carolina,SC,False,False,10,0.001579,False
41001-polid-1746-county-41024,polid-1746,41001,Primary,D,1,47860,,0,2016-02-27,45045,Hillary,False,False,False,Clinton,2016-02-28T06:39:11Z,county,True,P,President,Dem,1746,44200,151,100.0,151,county-41024,Greenville,False,,,South Carolina,SC,False,False,19807,0.640817,True
41001-polid-1445-county-41024,polid-1445,41001,Primary,D,3,47863,,0,2016-02-27,45045,Bernie,False,False,False,Sanders,2016-02-28T06:39:11Z,county,True,P,President,Dem,1445,44201,151,100.0,151,county-41024,Greenville,False,,,South Carolina,SC,False,False,10965,0.354751,False
41001-polid-64569-county-41024,polid-64569,41001,Primary,D,4,47866,,0,2016-02-27,45045,Willie,False,False,False,Wilson,2016-02-28T06:39:11Z,county,True,P,President,Dem,64569,44220,151,100.0,151,county-41024,Greenville,False,,,South Carolina,SC,False,False,87,0.002815,False
41001-polid-22603-county-41024,polid-22603,41001,Primary,D,2,47867,,0,2016-02-27,45045,Martin,False,False,False,O'Malley,2016-02-28T06:39:11Z,county,True,P,President,Dem,22603,44202,151,100.0,151,county-41024,Greenville,False,,,South Carolina,SC,False,False,50,0.001618,False
41001-polid-1746-county-41025,polid-1746,41001,Primary,D,1,47860,,0,2016-02-27,45047,Hillary,False,False,False,Clinton,2016-02-28T01:29:35Z,county,True,P,President,Dem,1746,44200,49,100.0,49,county-41025,Greenwood,False,,,South Carolina,SC,False,False,3588,0.773609,True
41001-polid-1445-county-41025,polid-1445,41001,Primary,D,3,47863,,0,2016-02-27,45047,Bernie,False,False,False,Sanders,2016-02-28T01:29:35Z,county,True,P,President,Dem,1445,44201,49,100.0,49,county-41025,Greenwood,False,,,South Carolina,SC,False,False,983,0.211945,False
41001-polid-64569-county-41025,polid-64569,41001,Primary,D,4,47866,,0,2016-02-27,45047,Willie,False,False,False,Wilson,2016-02-28T01:29:35Z,county,True,P,President,Dem,64569,44220,49,100.0,49,county-41025,Greenwood,False,,,South Carolina,SC,False,False,56,0.012074,False
41001-polid-22603-county-41025,polid-22603,41001,Primary,D,2,47867,,0,2016-02-27,45047,Martin,False,False,False,O'Malley,2016-02-28T01:29:35Z,county,True,P,President,Dem,22603,44202,49,100.0,49,county-41025,Greenwood,False,,,South Carolina,SC,False,False,11,0.002372,False
41001-polid-1746-county-41026,polid-1746,41001,Primary,D,1,47860,,0,2016-02-27,45049,Hillary,False,False,False,Clinton,2016-02-28T01:54:13Z,county,True,P,President,Dem,1746,44200,18,100.0,18,county-41026,Hampton,False,,,South Carolina,SC,False,False,1930,0.879672,True
41001-polid-1445-county-41026,polid-1445,41001,Primary,D,3,47863,,0,2016-02-27,45049,Bernie,False,False,False,Sanders,2016-02-28T01:54:13Z,county,True,P,President,Dem,1445,44201,18,100.0,18,county-41026,Hampton,False,,,South Carolina,SC,False,False,241,0.109845,False
41001-polid-64569-county-41026,polid-64569,41001,Primary,D,4,47866,,0,2016-02-27,45049,Willie,False,False,False,Wilson,2016-02-28T01:54:13Z,county,True,P,President,Dem,64569,44220,18,100.0,18,county-41026,Hampton,False,,,South Carolina,SC,False,False,15,0.006837,False
41001-polid-22603-county-41026,polid-22603,41001,Primary,D,2,47867,,0,2016-02-27,45049,Martin,False,False,False,O'Malley,2016-02-28T01:54:13Z,county,True,P,President,Dem,22603,44202,18,100.0,18,county-41026,Hampton,False,,,South Carolina,SC,False,False,8,0.003646,False
41001-polid-1746-county-41027,polid-1746,41001,Primary,D,1,47860,,0,2016-02-27,45051,Hillary,False,False,False,Clinton,2016-02-28T02:43:17Z,county,True,P,President,Dem,1746,44200,122,100.0,122,county-41027,Horry,False,,,South Carolina,SC,False,False,11294,0.672382,True
41001-polid-1445-county-41027,polid-1445,41001,Primary,D,3,47863,,0,2016-02-27,45051,Bernie,False,False,False,Sanders,2016-02-28T02:43:17Z,county,True,P,President,Dem,1445,44201,122,100.0,122,county-41027,Horry,False,,,South Carolina,SC,False,False,5449,0.324403,False
41001-polid-22603-county-41027,polid-22603,41001,Primary,D,2,47867,,0,2016-02-27,45051,Martin,False,False,False,O'Malley,2016-02-28T02:43:17Z,county,True,P,President,Dem,22603,44202,122,100.0,122,county-41027,Horry,False,,,South Carolina,SC,False,False,37,0.002203,False
41001-polid-64569-county-41027,polid-64569,41001,Primary,D,4,47866,,0,2016-02-27,45051,Willie,False,False,False,Wilson,2016-02-28T02:43:17Z,county,True,P,President,Dem,64569,44220,122,100.0,122,county-41027,Horry,False,,,South Carolina,SC,False,False,17,0.001012,False
41001-polid-1746-county-41028,polid-1746,41001,Primary,D,1,47860,,0,2016-02-27,45053,Hillary,False,False,False,Clinton,2016-02-28T01:14:14Z,county,True,P,President,Dem,1746,44200,15,100.0,15,county-41028,Jasper,False,,,South Carolina,SC,False,False,2194,0.850717,True
41001-polid-1445-county-41028,polid-1445,41001,Primary,D,3,47863,,0,2016-02-27,45053,Bernie,False,False,False,Sanders,2016-02-28T01:14:14Z,county,True,P,President,Dem,1445,44201,15,100.0,15,county-41028,Jasper,False,,,South Carolina,SC,False,False,355,0.13765,False
41001-polid-64569-county-41028,polid-64569,41001,Primary,D,4,47866,,0,2016-02-27,45053,Willie,False,False,False,Wilson,2016-02-28T01:14:14Z,county,True,P,President,Dem,64569,44220,15,100.0,15,county-41028,Jasper,False,,,South Carolina,SC,False,False,19,0.007367,False
41001-polid-22603-county-41028,polid-22603,41001,Primary,D,2,47867,,0,2016-02-27,45053,Martin,False,False,False,O'Malley,2016-02-28T01:14:14Z,county,True,P,President,Dem,22603,44202,15,100.0,15,county-41028,Jasper,False,,,South Carolina,SC,False,False,11,0.004265,False
41001-polid-1746-county-41029,polid-1746,41001,Primary,D,1,47860,,0,2016-02-27,45055,Hillary,False,False,False,Clinton,2016-02-28T01:54:13Z,county,True,P,President,Dem,1746,44200,34,100.0,34,county-41029,Kershaw,False,,,South Carolina,SC,False,False,3743,0.771275,True
41001-polid-1445-county-41029,polid-1445,41001,Primary,D,3,47863,,0,2016-02-27,45055,Bernie,False,False,False,Sanders,2016-02-28T01:54:13Z,county,True,P,President,Dem,1445,44201,34,100.0,34,county-41029,Kershaw,False,,,South Carolina,SC,False,False,1086,0.223779,False
41001-polid-64569-county-41029,polid-64569,41001,Primary,D,4,47866,,0,2016-02-27,45055,Willie,False,False,False,Wilson,2016-02-28T01:54:13Z,county,True,P,President,Dem,64569,44220,34,100.0,34,county-41029,Kershaw,False,,,South Carolina,SC,False,False,13,0.002679,False
41001-polid-22603-county-41029,polid-22603,41001,Primary,D,2,47867,,0,2016-02-27,45055,Martin,False,False,False,O'Malley,2016-02-28T01:54:13Z,county,True,P,President,Dem,22603,44202,34,100.0,34,county-41029,Kershaw,False,,,South Carolina,SC,False,False,11,0.002267,False
41001-polid-1746-county-41030,polid-1746,41001,Primary,D,1,47860,,0,2016-02-27,45057,Hillary,False,False,False,Clinton,2016-02-28T01:41:54Z,county,True,P,President,Dem,1746,44200,35,100.0,35,county-41030,Lancaster,False,,,South Carolina,SC,False,False,3332,0.730061,True
41001-polid-1445-county-41030,polid-1445,41001,Primary,D,3,47863,,0,2016-02-27,45057,Bernie,False,False,False,Sanders,2016-02-28T01:41:54Z,county,True,P,President,Dem,1445,44201,35,100.0,35,county-41030,Lancaster,False,,,South Carolina,SC,False,False,1213,0.265776,False
41001-polid-22603-county-41030,polid-22603,41001,Primary,D,2,47867,,0,2016-02-27,45057,Martin,False,False,False,O'Malley,2016-02-28T01:41:54Z,county,True,P,President,Dem,22603,44202,35,100.0,35,county-41030,Lancaster,False,,,South Carolina,SC,False,False,13,0.002848,False
41001-polid-64569-county-41030,polid-64569,41001,Primary,D,4,47866,,0,2016-02-27,45057,Willie,False,False,False,Wilson,2016-02-28T01:41:54Z,county,True,P,President,Dem,64569,44220,35,100.0,35,county-41030,Lancaster,False,,,South Carolina,SC,False,False,6,0.001315,False
41001-polid-1746-county-41031,polid-1746,41001,Primary,D,1,47860,,0,2016-02-27,45059,Hillary,False,False,False,Clinton,2016-02-28T01:29:35Z,county,True,P,President,Dem,1746,44200,34,100.0,34,county-41031,Laurens,False,,,South Carolina,SC,False,False,2952,0.784272,True
41001-polid-1445-county-41031,polid-1445,41001,Primary,D,3,47863,,0,2016-02-27,45059,Bernie,False,False,False,Sanders,2016-02-28T01:29:35Z,county,True,P,President,Dem,1445,44201,34,100.0,34,county-41031,Laurens,False,,,South Carolina,SC,False,False,799,0.212274,False
41001-polid-64569-county-41031,polid-64569,41001,Primary,D,4,47866,,0,2016-02-27,45059,Willie,False,False,False,Wilson,2016-02-28T01:29:35Z,county,True,P,President,Dem,64569,44220,34,100.0,34,county-41031,Laurens,False,,,South Carolina,SC,False,False,8,0.002125,False
41001-polid-22603-county-41031,polid-22603,41001,Primary,D,2,47867,,0,2016-02-27,45059,Martin,False,False,False,O'Malley,2016-02-28T01:29:35Z,county,True,P,President,Dem,22603,44202,34,100.0,34,county-41031,Laurens,False,,,South Carolina,SC,False,False,5,0.001328,False
41001-polid-1746-county-41032,polid-1746,41001,Primary,D,1,47860,,0,2016-02-27,45061,Hillary,False,False,False,Clinton,2016-02-28T01:57:17Z,county,True,P,President,Dem,1746,44200,22,100.0,22,county-41032,Lee,False,,,South Carolina,SC,False,False,2207,0.876489,True
41001-polid-1445-county-41032,polid-1445,41001,Primary,D,3,47863,,0,2016-02-27,45061,Bernie,False,False,False,Sanders,2016-02-28T01:57:17Z,county,True,P,President,Dem,1445,44201,22,100.0,22,county-41032,Lee,False,,,South Carolina,SC,False,False,288,0.114376,False
41001-polid-64569-county-41032,polid-64569,41001,Primary,D,4,47866,,0,2016-02-27,45061,Willie,False,False,False,Wilson,2016-02-28T01:57:17Z,county,True,P,President,Dem,64569,44220,22,100.0,22,county-41032,Lee,False,,,South Carolina,SC,False,False,16,0.006354,False
41001-polid-22603-county-41032,polid-22603,41001,Primary,D,2,47867,,0,2016-02-27,45061,Martin,False,False,False,O'Malley,2016-02-28T01:57:17Z,county,True,P,President,Dem,22603,44202,22,100.0,22,county-41032,Lee,False,,,South Carolina,SC,False,False,7,0.00278,False
41001-polid-1746-county-41033,polid-1746,41001,Primary,D,1,47860,,0,2016-02-27,45063,Hillary,False,False,False,Clinton,2016-02-28T02:28:01Z,county,True,P,President,Dem,1746,44200,97,100.0,97,county-41033,Lexington,False,,,South Carolina,SC,False,False,8810,0.609478,True
41001-polid-1445-county-41033,polid-1445,41001,Primary,D,3,47863,,0,2016-02-27,45063,Bernie,False,False,False,Sanders,2016-02-28T02:28:01Z,county,True,P,President,Dem,1445,44201,97,100.0,97,county-41033,Lexington,False,,,South Carolina,SC,False,False,5584,0.386302,False
41001-polid-64569-county-41033,polid-64569,41001,Primary,D,4,47866,,0,2016-02-27,45063,Willie,False,False,False,Wilson,2016-02-28T02:28:01Z,county,True,P,President,Dem,64569,44220,97,100.0,97,county-41033,Lexington,False,,,South Carolina,SC,False,False,35,0.002421,False
41001-polid-22603-county-41033,polid-22603,41001,Primary,D,2,47867,,0,2016-02-27,45063,Martin,False,False,False,O'Malley,2016-02-28T02:28:01Z,county,True,P,President,Dem,22603,44202,97,100.0,97,county-41033,Lexington,False,,,South Carolina,SC,False,False,26,0.001799,False
41001-polid-1746-county-41034,polid-1746,41001,Primary,D,1,47860,,0,2016-02-27,45065,Hillary,False,False,False,Clinton,2016-02-28T01:17:18Z,county,True,P,President,Dem,1746,44200,11,100.0,11,county-41034,McCormick,False,,,South Carolina,SC,False,False,973,0.850524,True
41001-polid-1445-county-41034,polid-1445,41001,Primary,D,3,47863,,0,2016-02-27,45065,Bernie,False,False,False,Sanders,2016-02-28T01:17:18Z,county,True,P,President,Dem,1445,44201,11,100.0,11,county-41034,McCormick,False,,,South Carolina,SC,False,False,162,0.141608,False
41001-polid-22603-county-41034,polid-22603,41001,Primary,D,2,47867,,0,2016-02-27,45065,Martin,False,False,False,O'Malley,2016-02-28T01:17:18Z,county,True,P,President,Dem,22603,44202,11,100.0,11,county-41034,McCormick,False,,,South Carolina,SC,False,False,5,0.004371,False
41001-polid-64569-county-41034,polid-64569,41001,Primary,D,4,47866,,0,2016-02-27,45065,Willie,False,False,False,Wilson,2016-02-28T01:17:18Z,county,True,P,President,Dem,64569,44220,11,100.0,11,county-41034,McCormick,False,,,South Carolina,SC,False,False,4,0.003497,False
41001-polid-1746-county-41035,polid-1746,41001,Primary,D,1,47860,,0,2016-02-27,45067,Hillary,False,False,False,Clinton,2016-02-28T01:23:26Z,county,True,P,President,Dem,1746,44200,17,100.0,17,county-41035,Marion,False,,,South Carolina,SC,False,False,3359,0.853838,True
41001-polid-1445-county-41035,polid-1445,41001,Primary,D,3,47863,,0,2016-02-27,45067,Bernie,False,False,False,Sanders,2016-02-28T01:23:26Z,county,True,P,President,Dem,1445,44201,17,100.0,17,county-41035,Marion,False,,,South Carolina,SC,False,False,552,0.140315,False
41001-polid-64569-county-41035,polid-64569,41001,Primary,D,4,47866,,0,2016-02-27,45067,Willie,False,False,False,Wilson,2016-02-28T01:23:26Z,county,True,P,President,Dem,64569,44220,17,100.0,17,county-41035,Marion,False,,,South Carolina,SC,False,False,13,0.003305,False
41001-polid-22603-county-41035,polid-22603,41001,Primary,D,2,47867,,0,2016-02-27,45067,Martin,False,False,False,O'Malley,2016-02-28T01:23:26Z,county,True,P,President,Dem,22603,44202,17,100.0,17,county-41035,Marion,False,,,South Carolina,SC,False,False,10,0.002542,False
41001-polid-1746-county-41036,polid-1746,41001,Primary,D,1,47860,,0,2016-02-27,45069,Hillary,False,False,False,Clinton,2016-02-28T02:21:52Z,county,True,P,President,Dem,1746,44200,16,100.0,16,county-41036,Marlboro,False,,,South Carolina,SC,False,False,2132,0.889816,True
41001-polid-1445-county-41036,polid-1445,41001,Primary,D,3,47863,,0,2016-02-27,45069,Bernie,False,False,False,Sanders,2016-02-28T02:21:52Z,county,True,P,President,Dem,1445,44201,16,100.0,16,county-41036,Marlboro,False,,,South Carolina,SC,False,False,252,0.105175,False
41001-polid-22603-county-41036,polid-22603,41001,Primary,D,2,47867,,0,2016-02-27,45069,Martin,False,False,False,O'Malley,2016-02-28T02:21:52Z,county,True,P,President,Dem,22603,44202,16,100.0,16,county-41036,Marlboro,False,,,South Carolina,SC,False,False,8,0.003339,False
41001-polid-64569-county-41036,polid-64569,41001,Primary,D,4,47866,,0,2016-02-27,45069,Willie,False,False,False,Wilson,2016-02-28T02:21:52Z,county,True,P,President,Dem,64569,44220,16,100.0,16,county-41036,Marlboro,False,,,South Carolina,SC,False,False,4,0.001669,False
41001-polid-1746-county-41037,polid-1746,41001,Primary,D,1,47860,,0,2016-02-27,45071,Hillary,False,False,False,Clinton,2016-02-28T01:35:44Z,county,True,P,President,Dem,1746,44200,30,100.0,30,county-41037,Newberry,False,,,South Carolina,SC,False,False,2118,0.809633,True
41001-polid-1445-county-41037,polid-1445,41001,Primary,D,3,47863,,0,2016-02-27,45071,Bernie,False,False,False,Sanders,2016-02-28T01:35:44Z,county,True,P,President,Dem,1445,44201,30,100.0,30,county-41037,Newberry,False,,,South Carolina,SC,False,False,469,0.179281,False
41001-polid-64569-county-41037,polid-64569,41001,Primary,D,4,47866,,0,2016-02-27,45071,Willie,False,False,False,Wilson,2016-02-28T01:35:44Z,county,True,P,President,Dem,64569,44220,30,100.0,30,county-41037,Newberry,False,,,South Carolina,SC,False,False,20,0.007645,False
41001-polid-22603-county-41037,polid-22603,41001,Primary,D,2,47867,,0,2016-02-27,45071,Martin,False,False,False,O'Malley,2016-02-28T01:35:44Z,county,True,P,President,Dem,22603,44202,30,100.0,30,county-41037,Newberry,False,,,South Carolina,SC,False,False,9,0.00344,False
41001-polid-1746-county-41038,polid-1746,41001,Primary,D,1,47860,,0,2016-02-27,45073,Hillary,False,False,False,Clinton,2016-02-28T01:17:18Z,county,True,P,President,Dem,1746,44200,32,100.0,32,county-41038,Oconee,False,,,South Carolina,SC,False,False,1960,0.596288,True
41001-polid-1445-county-41038,polid-1445,41001,Primary,D,3,47863,,0,2016-02-27,45073,Bernie,False,False,False,Sanders,2016-02-28T01:17:18Z,county,True,P,President,Dem,1445,44201,32,100.0,32,county-41038,Oconee,False,,,South Carolina,SC,False,False,1303,0.39641,False
41001-polid-64569-county-41038,polid-64569,41001,Primary,D,4,47866,,0,2016-02-27,45073,Willie,False,False,False,Wilson,2016-02-28T01:17:18Z,county,True,P,President,Dem,64569,44220,32,100.0,32,county-41038,Oconee,False,,,South Carolina,SC,False,False,12,0.003651,False
41001-polid-22603-county-41038,polid-22603,41001,Primary,D,2,47867,,0,2016-02-27,45073,Martin,False,False,False,O'Malley,2016-02-28T01:17:18Z,county,True,P,President,Dem,22603,44202,32,100.0,32,county-41038,Oconee,False,,,South Carolina,SC,False,False,12,0.003651,False
41001-polid-1746-county-41039,polid-1746,41001,Primary,D,1,47860,,0,2016-02-27,45075,Hillary,False,False,False,Clinton,2016-02-28T02:00:21Z,county,True,P,President,Dem,1746,44200,54,100.0,54,county-41039,Orangeburg,False,,,South Carolina,SC,False,False,11819,0.88678,True
41001-polid-1445-county-41039,polid-1445,41001,Primary,D,3,47863,,0,2016-02-27,45075,Bernie,False,False,False,Sanders,2016-02-28T02:00:21Z,county,True,P,President,Dem,1445,44201,54,100.0,54,county-41039,Orangeburg,False,,,South Carolina,SC,False,False,1460,0.109544,False
41001-polid-64569-county-41039,polid-64569,41001,Primary,D,4,47866,,0,2016-02-27,45075,Willie,False,False,False,Wilson,2016-02-28T02:00:21Z,county,True,P,President,Dem,64569,44220,54,100.0,54,county-41039,Orangeburg,False,,,South Carolina,SC,False,False,34,0.002551,False
41001-polid-22603-county-41039,polid-22603,41001,Primary,D,2,47867,,0,2016-02-27,45075,Martin,False,False,False,O'Malley,2016-02-28T02:00:21Z,county,True,P,President,Dem,22603,44202,54,100.0,54,county-41039,Orangeburg,False,,,South Carolina,SC,False,False,15,0.001125,False
41001-polid-1746-county-41040,polid-1746,41001,Primary,D,1,47860,,0,2016-02-27,45077,Hillary,False,False,False,Clinton,2016-02-28T01:32:39Z,county,True,P,President,Dem,1746,44200,61,100.0,61,county-41040,Pickens,False,,,South Carolina,SC,False,False,2499,0.554717,True
41001-polid-1445-county-41040,polid-1445,41001,Primary,D,3,47863,,0,2016-02-27,45077,Bernie,False,False,False,Sanders,2016-02-28T01:32:39Z,county,True,P,President,Dem,1445,44201,61,100.0,61,county-41040,Pickens,False,,,South Carolina,SC,False,False,1988,0.441287,False
41001-polid-64569-county-41040,polid-64569,41001,Primary,D,4,47866,,0,2016-02-27,45077,Willie,False,False,False,Wilson,2016-02-28T01:32:39Z,county,True,P,President,Dem,64569,44220,61,100.0,61,county-41040,Pickens,False,,,South Carolina,SC,False,False,10,0.00222,False
41001-polid-22603-county-41040,polid-22603,41001,Primary,D,2,47867,,0,2016-02-27,45077,Martin,False,False,False,O'Malley,2016-02-28T01:32:39Z,county,True,P,President,Dem,22603,44202,61,100.0,61,county-41040,Pickens,False,,,South Carolina,SC,False,False,8,0.001776,False
41001-polid-1746-county-41041,polid-1746,41001,Primary,D,1,47860,,0,2016-02-27,45079,Hillary,False,False,False,Clinton,2016-02-28T02:58:34Z,county,True,P,President,Dem,1746,44200,151,100.0,151,county-41041,Richland,False,,,South Carolina,SC,False,False,39243,0.757616,True
41001-polid-1445-county-41041,polid-1445,41001,Primary,D,3,47863,,0,2016-02-27,45079,Bernie,False,False,False,Sanders,2016-02-28T02:58:34Z,county,True,P,President,Dem,1445,44201,151,100.0,151,county-41041,Richland,False,,,South Carolina,SC,False,False,12318,0.237808,False
41001-polid-64569-county-41041,polid-64569,41001,Primary,D,4,47866,,0,2016-02-27,45079,Willie,False,False,False,Wilson,2016-02-28T02:58:34Z,county,True,P,President,Dem,64569,44220,151,100.0,151,county-41041,Richland,False,,,South Carolina,SC,False,False,178,0.003436,False
41001-polid-22603-county-41041,polid-22603,41001,Primary,D,2,47867,,0,2016-02-27,45079,Martin,False,False,False,O'Malley,2016-02-28T02:58:34Z,county,True,P,President,Dem,22603,44202,151,100.0,151,county-41041,Richland,False,,,South Carolina,SC,False,False,59,0.001139,False
41001-polid-1746-county-41042,polid-1746,41001,Primary,D,1,47860,,0,2016-02-27,45081,Hillary,False,False,False,Clinton,2016-02-28T01:57:17Z,county,True,P,President,Dem,1746,44200,18,100.0,18,county-41042,Saluda,False,,,South Carolina,SC,False,False,1023,0.837152,True
41001-polid-1445-county-41042,polid-1445,41001,Primary,D,3,47863,,0,2016-02-27,45081,Bernie,False,False,False,Sanders,2016-02-28T01:57:17Z,county,True,P,President,Dem,1445,44201,18,100.0,18,county-41042,Saluda,False,,,South Carolina,SC,False,False,192,0.157119,False
41001-polid-64569-county-41042,polid-64569,41001,Primary,D,4,47866,,0,2016-02-27,45081,Willie,False,False,False,Wilson,2016-02-28T01:57:17Z,county,True,P,President,Dem,64569,44220,18,100.0,18,county-41042,Saluda,False,,,South Carolina,SC,False,False,6,0.00491,False
41001-polid-22603-county-41042,polid-22603,41001,Primary,D,2,47867,,0,2016-02-27,45081,Martin,False,False,False,O'Malley,2016-02-28T01:57:17Z,county,True,P,President,Dem,22603,44202,18,100.0,18,county-41042,Saluda,False,,,South Carolina,SC,False,False,1,0.000818,False
41001-polid-1746-county-41043,polid-1746,41001,Primary,D,1,47860,,0,2016-02-27,45083,Hillary,False,False,False,Clinton,2016-02-28T02:06:31Z,county,True,P,President,Dem,1746,44200,93,100.0,93,county-41043,Spartanburg,False,,,South Carolina,SC,False,False,10662,0.703391,True
41001-polid-1445-county-41043,polid-1445,41001,Primary,D,3,47863,,0,2016-02-27,45083,Bernie,False,False,False,Sanders,2016-02-28T02:06:31Z,county,True,P,President,Dem,1445,44201,93,100.0,93,county-41043,Spartanburg,False,,,South Carolina,SC,False,False,4447,0.293376,False
41001-polid-64569-county-41043,polid-64569,41001,Primary,D,4,47866,,0,2016-02-27,45083,Willie,False,False,False,Wilson,2016-02-28T02:06:31Z,county,True,P,President,Dem,64569,44220,93,100.0,93,county-41043,Spartanburg,False,,,South Carolina,SC,False,False,27,0.001781,False
41001-polid-22603-county-41043,polid-22603,41001,Primary,D,2,47867,,0,2016-02-27,45083,Martin,False,False,False,O'Malley,2016-02-28T02:06:31Z,county,True,P,President,Dem,22603,44202,93,100.0,93,county-41043,Spartanburg,False,,,South Carolina,SC,False,False,22,0.001451,False
41001-polid-1746-county-41044,polid-1746,41001,Primary,D,1,47860,,0,2016-02-27,45085,Hillary,False,False,False,Clinton,2016-02-28T01:41:54Z,county,True,P,President,Dem,1746,44200,58,100.0,58,county-41044,Sumter,False,,,South Carolina,SC,False,False,9816,0.866067,True
41001-polid-1445-county-41044,polid-1445,41001,Primary,D,3,47863,,0,2016-02-27,45085,Bernie,False,False,False,Sanders,2016-02-28T01:41:54Z,county,True,P,President,Dem,1445,44201,58,100.0,58,county-41044,Sumter,False,,,South Carolina,SC,False,False,1441,0.12714,False
41001-polid-64569-county-41044,polid-64569,41001,Primary,D,4,47866,,0,2016-02-27,45085,Willie,False,False,False,Wilson,2016-02-28T01:41:54Z,county,True,P,President,Dem,64569,44220,58,100.0,58,county-41044,Sumter,False,,,South Carolina,SC,False,False,39,0.003441,False
41001-polid-22603-county-41044,polid-22603,41001,Primary,D,2,47867,,0,2016-02-27,45085,Martin,False,False,False,O'Malley,2016-02-28T01:41:54Z,county,True,P,President,Dem,22603,44202,58,100.0,58,county-41044,Sumter,False,,,South Carolina,SC,False,False,38,0.003353,False
41001-polid-1746-county-41045,polid-1746,41001,Primary,D,1,47860,,0,2016-02-27,45087,Hillary,False,False,False,Clinton,2016-02-28T01:41:54Z,county,True,P,President,Dem,1746,44200,23,100.0,23,county-41045,Union,False,,,South Carolina,SC,False,False,1690,0.833744,True
41001-polid-1445-county-41045,polid-1445,41001,Primary,D,3,47863,,0,2016-02-27,45087,Bernie,False,False,False,Sanders,2016-02-28T01:41:54Z,county,True,P,President,Dem,1445,44201,23,100.0,23,county-41045,Union,False,,,South Carolina,SC,False,False,332,0.163789,False
41001-polid-64569-county-41045,polid-64569,41001,Primary,D,4,47866,,0,2016-02-27,45087,Willie,False,False,False,Wilson,2016-02-28T01:41:54Z,county,True,P,President,Dem,64569,44220,23,100.0,23,county-41045,Union,False,,,South Carolina,SC,False,False,3,0.00148,False
41001-polid-22603-county-41045,polid-22603,41001,Primary,D,2,47867,,0,2016-02-27,45087,Martin,False,False,False,O'Malley,2016-02-28T01:41:54Z,county,True,P,President,Dem,22603,44202,23,100.0,23,county-41045,Union,False,,,South Carolina,SC,False,False,2,0.000987,False
41001-polid-1746-county-41046,polid-1746,41001,Primary,D,1,47860,,0,2016-02-27,45089,Hillary,False,False,False,Clinton,2016-02-28T01:41:54Z,county,True,P,President,Dem,1746,44200,28,100.0,28,county-41046,Williamsburg,False,,,South Carolina,SC,False,False,4609,0.885155,True
41001-polid-1445-county-41046,polid-1445,41001,Primary,D,3,47863,,0,2016-02-27,45089,Bernie,False,False,False,Sanders,2016-02-28T01:41:54Z,county,True,P,President,Dem,1445,44201,28,100.0,28,county-41046,Williamsburg,False,,,South Carolina,SC,False,False,557,0.106971,False
41001-polid-64569-county-41046,polid-64569,41001,Primary,D,4,47866,,0,2016-02-27,45089,Willie,False,False,False,Wilson,2016-02-28T01:41:54Z,county,True,P,President,Dem,64569,44220,28,100.0,28,county-41046,Williamsburg,False,,,South Carolina,SC,False,False,31,0.005954,False
41001-polid-22603-county-41046,polid-22603,41001,Primary,D,2,47867,,0,2016-02-27,45089,Martin,False,False,False,O'Malley,2016-02-28T01:41:54Z,county,True,P,President,Dem,22603,44202,28,100.0,28,county-41046,Williamsburg,False,,,South Carolina,SC,False,False,10,0.00192,False
41001-polid-1746-county-41047,polid-1746,41001,Primary,D,1,47860,,0,2016-02-27,45091,Hillary,False,False,False,Clinton,2016-02-28T02:46:22Z,county,True,P,President,Dem,1746,44200,95,100.0,95,county-41047,York,False,,,South Carolina,SC,False,False,8895,0.634994,True
41001-polid-1445-county-41047,polid-1445,41001,Primary,D,3,47863,,0,2016-02-27,45091,Bernie,False,False,False,Sanders,2016-02-28T02:46:22Z,county,True,P,President,Dem,1445,44201,95,100.0,95,county-41047,York,False,,,South Carolina,SC,False,False,5058,0.361079,False
41001-polid-22603-county-41047,polid-22603,41001,Primary,D,2,47867,,0,2016-02-27,45091,Martin,False,False,False,O'Malley,2016-02-28T02:46:22Z,county,True,P,President,Dem,22603,44202,95,100.0,95,county-41047,York,False,,,South Carolina,SC,False,False,32,0.002284,False
41001-polid-64569-county-41047,polid-64569,41001,Primary,D,4,47866,,0,2016-02-27,45091,Willie,False,False,False,Wilson,2016-02-28T02:46:22Z,county,True,P,President,Dem,64569,44220,95,100.0,95,county-41047,York,False,,,South Carolina,SC,False,False,23,0.001642,False
41001-polid-1746-county-41048,polid-1746,41001,Primary,D,1,47860,,0,2016-02-27,45015,Hillary,False,False,False,Clinton,2016-02-28T01:48:03Z,county,True,P,President,Dem,1746,44200,78,100.0,78,county-41048,Berkeley,False,,,South Carolina,SC,False,False,9471,0.719736,True
41001-polid-1445-county-41048,polid-1445,41001,Primary,D,3,47863,,0,2016-02-27,45015,Bernie,False,False,False,Sanders,2016-02-28T01:48:03Z,county,True,P,President,Dem,1445,44201,78,100.0,78,county-41048,Berkeley,False,,,South Carolina,SC,False,False,3584,0.272361,False
41001-polid-64569-county-41048,polid-64569,41001,Primary,D,4,47866,,0,2016-02-27,45015,Willie,False,False,False,Wilson,2016-02-28T01:48:03Z,county,True,P,President,Dem,64569,44220,78,100.0,78,county-41048,Berkeley,False,,,South Carolina,SC,False,False,79,0.006003,False
41001-polid-22603-county-41048,polid-22603,41001,Primary,D,2,47867,,0,2016-02-27,45015,Martin,False,False,False,O'Malley,2016-02-28T01:48:03Z,county,True,P,President,Dem,22603,44202,78,100.0,78,county-41048,Berkeley,False,,,South Carolina,SC,False,False,25,0.0019,False
